Date,Content
2022-04-27,https://boxd.it/32S1a
2022-04-27,https://boxd.it/2BGS
2022-04-27,https://boxd.it/3LpVy
2022-08-23,https://boxd.it/hzBI4
2022-11-01,https://boxd.it/8HjM
2023-01-17,https://boxd.it/bAS2M
2023-02-19,https://boxd.it/7jLA
2023-04-15,https://boxd.it/m63Im
2023-07-17,https://boxd.it/Gzo8
2023-07-25,https://boxd.it/7tK9A
2023-08-16,https://boxd.it/8Nmke
2023-12-30,https://boxd.it/reRb4
2023-12-30,https://boxd.it/jlIZ2
2024-03-05,https://boxd.it/qFuZ6
2024-07-12,https://boxd.it/19zF2
2024-07-12,https://boxd.it/2U4Ru
2024-08-03,https://boxd.it/jlyNq
2024-09-03,https://boxd.it/y9IDm
2024-11-29,https://boxd.it/pDmkw
2025-07-27,https://boxd.it/1ZZmk
2025-10-06,https://boxd.it/2yuk
